{
  "total_events": 8173,
  "event_driven_events": 807,
  "impact_metrics": {
    "tier_accuracy": 0.688,
    "classification_report": {
      "Critical": {
        "precision": 0.125,
        "recall": 0.025,
        "f1-score": 0.041666666666666664,
        "support": 40.0
      },
      "High": {
        "precision": 0.59,
        "recall": 0.25213675213675213,
        "f1-score": 0.3532934131736527,
        "support": 234.0
      },
      "Low": {
        "precision": 0.6933333333333334,
        "recall": 0.9676375404530745,
        "f1-score": 0.8078351908139142,
        "support": 1236.0
      },
      "Medium": {
        "precision": 0.7109004739336493,
        "recall": 0.2808988764044944,
        "f1-score": 0.40268456375838924,
        "support": 534.0
      },
      "accuracy": 0.687866927592955,
      "macro avg": {
        "precision": 0.5298084518167456,
        "recall": 0.38141829224858026,
        "f1-score": 0.4013699586031557,
        "support": 2044.0
      },
      "weighted avg": {
        "precision": 0.6749710631509632,
        "recall": 0.687866927592955,
        "f1-score": 0.6349585020754792,
        "support": 2044.0
      }
    }
  },
  "forecast_metrics": {
    "duration_mae_hours": 7.8,
    "hotspot_recall_top5": 0.381
  },
  "learning_records_seeded": 200,
  "learning_summary": {
    "records": 600,
    "duration_mae_hours": 16.93,
    "avg_resource_delta": null
  }
}